Timestamp,"What is your approximate level of English?

The CEFR (Common European Framework of Reference for Languages) describes language ability on a scale from A1 (beginner) to C2 (proficient). If you know your official or course level, please select it. Otherwise, choose the description that best matches your ability:
A2 (elementary): I can understand short, simple texts and common everyday language.
B1 (intermediate): I can understand the main points of clear texts about familiar topics and follow a straightforward story.
B2 (upper-intermediate): I can understand the main ideas and important details of more complex texts and follow an extended story or argument.",What work has the narrator done before?,Why does Starbuck tell the narrator what happened to Captain Ahab?,What does Queequeg do? ,Do you know which book the text is from? ,"If you answered ""Yes"", what is the name of the book? ",Did you find the text interesting? ,Did you like the text's style?,What do you think will happen next? ,What work has the narrator done before?.1,Why does Starbuck tell the narrator what happened to Captain Ahab?.1,What does Queequeg do? .1,Do you know which book the text is from? .1,"If you answered ""Yes"", what is the name of the book? .1",Did you find the text interesting? .1,Did you like the text's style?.1,What do you think will happen next? .1,What work has the narrator done before?.2,Why does Starbuck tell the narrator what happened to Captain Ahab?.2,What does Queequeg do? .2,Do you know which book the text is from? .2,"If you answered ""Yes"", what is the name of the book? .2",Did you find the text interesting? .2,Did you like the text's style?.2,What do you think will happen next? .2,Who is Sibyl?,Why does Sibyl believe that she can no longer act well?,What does Dorian’s reaction show about his love for Sibyl?,Do you know which book the text is from? .3,"If you answered ""Yes"", what is the name of the book? .3",Did you find the text interesting? .3,Did you like the text's style?.3,What do you think will happen next? .3,Who is Sibyl?.1,Why does Sibyl believe that she can no longer act well?.1,What does Dorian’s reaction show about his love for Sibyl?.1,Do you know which book the text is from? .4,"If you answered ""Yes"", what is the name of the book? .4",Did you find the text interesting? .4,Did you like the text's style?.4,What do you think will happen next? .4,Who is Sibyl?.2,Why does Sibyl believe that she can no longer act well?.2,What does Dorian’s reaction show about his love for Sibyl?.2,Do you know which book the text is from? .5,"If you answered ""Yes"", what is the name of the book? .5",Did you find the text interesting? .5,Did you like the text's style?.5,What do you think will happen next? .5,What unusual object does Queequeg use to shave?,Which statement about Queequeg is NOT true?,How does the narrator’s opinion of Queequeg change?,Do you know which book the text is from? .6,"If you answered ""Yes"", what is the name of the book? .6",Did you find the text interesting? .6,Did you like the text's style?.6,What do you think will happen next? .6,What unusual object does Queequeg use to shave?.1,Which statement about Queequeg is NOT true?.1,How does the narrator’s opinion of Queequeg change?.1,Do you know which book the text is from? .7,"If you answered ""Yes"", what is the name of the book? .7",Did you find the text interesting? .7,Did you like the text's style?.7,What do you think will happen next? .7,What unusual object does Queequeg use to shave?.2,Which statement about Queequeg is NOT true?.2,How does the narrator’s opinion of Queequeg change?.2,Do you know which book the text is from? .8,"If you answered ""Yes"", what is the name of the book? .8",Did you find the text interesting? .8,Did you like the text's style?.8,What do you think will happen next? .8,Who is Sibyl?.3,Why does Sibyl believe that she can no longer act well?.3,What does Dorian’s reaction reveal about his love for Sibyl?,Do you know which book the text is from? .9,"If you answered ""Yes"", what is the name of the book? .9",Did you find the text interesting? .9,Did you like the text's style?.9,What do you think will happen next? .9,Who is Sibyl?.4,Why does Sibyl believe that she can no longer act well?.4,What does Dorian’s reaction reveal about his love for Sibyl?.1,Do you know which book the text is from? .10,"If you answered ""Yes"", what is the name of the book? .10",Did you find the text interesting? .10,Did you like the text's style?.10,What do you think will happen next? .10,Who is Sibyl?.5,Why does Sibyl believe that she can no longer act well?.5,What does Dorian’s reaction reveal about his love for Sibyl?.2,Do you know which book the text is from? .11,"If you answered ""Yes"", what is the name of the book? .11",Did you find the text interesting? .11,Did you like the text's style?.11,What do you think will happen next? .11
9/15/2026 22:08:00,A2,,,,,,,,,He has been a sailor.,To warn him about the dangers of whaling,He kills a bird.,Yes,Moby Dick,5.0,5.0,"I think the narrator and Queequeg will join the crew of the Pequod, but they will soon face severe dangers and the ominous, dark influence of Captain Ahab, especially given the warnings from Elijah.

",,,,,,,,,,,,,,,,,,,,,,,,,,,,,,,,,,,,,,,,,,,,,,,,,,,,,,,,,,,,,,,,,,,,,,,,,,,,,,,,
9/16/2026 16:16:35,B2,,,,,,,,,,,,,,,,,,,,,,,,,,,,,,,,,,,,,,,,,,,,,,,,,,,,,,,,,A piece of mirror,He has a handsome face,"At first he is afraid of Queequeg, but later he realizes that Queequeg is friendly.",No,,2.0,3.0,A secret will be revealed.,,,,,,,,,,,,,,,,,,,,,,,,,,,,,,,,
9/17/2026 16:02:56,B1,,,,,,,,,,,,,,,,,,,,,,,,,,,,,,,,,An actress in the play,She is in love and her emotions on stage seem unreal.,He loves her only because of her talent as an actress.,"It sounds familiar, but I am not sure.",,5.0,4.0,I think sibyl will follow Dorian because she still loves him ,,,,,,,,,,,,,,,,,,,,,,,,,,,,,,,,,,,,,,,,,,,,,,,,,,,,,,,,
9/17/2026 17:36:42,A2,,,,,,,,,,,,,,,,,He has been a whaler.,To warn him about the dangers of whaling,He kills a bird.,No,,4.0,3.0,They're going to talk about the captain again,,,,,,,,,,,,,,,,,,,,,,,,,,,,,,,,,,,,,,,,,,,,,,,,,,,,,,,,,,,,,,,,,,,,,,,,
9/18/2026 12:05:21,B2,,,,,,,,,,,,,,,,,,,,,,,,,,,,,,,,,,,,,,,,,,,,,,,,,,,,,,,,,,,,,,,,,A harpoon,He works at the hotel,"At first he is afraid of Queequeg, but later he realizes that Queequeg is friendly.",No,,5.0,5.0,The narrator feels uneasy due to the eerie silence at the breakfast table and decides to talk to Queequeg to ease the tension they feel.,,,,,,,,,,,,,,,,,,,,,,,,
9/18/2026 12:11:05,B2,,,,,,,,,,,,,,,,,,,,,,,,,,,,,,,,,,,,,,,,,,,,,,,,,,,,,,,,,,,,,,,,,A harpoon,He is described as a cannibal,"At first he is afraid of Queequeg, but later he realizes that Queequeg is friendly.","It sounds familiar, but I am not sure.",,5.0,5.0,Together they might explore adventurous sagas with the wildlife and marine ecosystem.,,,,,,,,,,,,,,,,,,,,,,,,
9/18/2026 13:00:09,B2,,,,,,,,,,,,,,,,,,,,,,,,,,,,,,,,,,,,,,,,,,,,,,,,,,,,,,,,,,,,,,,,,,,,,,,,,,,,,,,,,An actress in the play,She is now in love and her emotions on stage seem unreal.,His love depends largely on her talent as an actress.,Yes,The Picture of Dorian Gray by Oscar Wilde,5.0,5.0,"Dorian will leave Sibyl because he feels disappointed by her performance. Sibyl will be heartbroken because she truly loves him and has given up her passion for acting because of her feelings for him. Dorian may later regret his harsh decision, but his reaction shows that his love was based more on Sibyl’s beauty and talent than on her personality.",,,,,,,,
9/18/2026 13:12:28,B2,,,,,,,,,,,,,,,,,,,,,,,,,,,,,,,,,,,,,,,,,,,,,,,,,,,,,,,,,,,,,,,,,,,,,,,,,,,,,,,,,Dorian’s wife,She is ill and cannot remember her lines.,His love depends largely on her talent as an actress.,"It sounds familiar, but I am not sure.",,5.0,5.0,They will come to a solution. ,,,,,,,,
9/18/2026 13:25:18,B1,,,,,,,,,,,,,,,,,,,,,,,,,,,,,,,,,,,,,,,,,An actress in the play,She is in love and her emotions on stage seem unreal.,He loves her only because of her talent as an actress.,"It sounds familiar, but I am not sure.",,3.0,3.0,Both part their ways ,,,,,,,,,,,,,,,,,,,,,,,,,,,,,,,,,,,,,,,,,,,,,,,,
9/18/2026 13:39:05,A2,He has been a sailor.,To warn him about the dangers of whaling,He kills a bird.,"It sounds familiar, but I am not sure.",,5.0,4.0,Both narrator and Queequeg boards the ship and meet Ahab maybe.,,,,,,,,,,,,,,,,,,,,,,,,,,,,,,,,,,,,,,,,,,,,,,,,,,,,,,,,,,,,,,,,,,,,,,,,,,,,,,,,,,,,,,,,
9/18/2026 13:40:43,B2,,,,,,,,,,,,,,,,,,,,,,,,,,,,,,,,,,,,,,,,,,,,,,,,,,,,,,,,,,,,,,,,,,,,,,,,,,,,,,,,,,,,,,,,,An actress in the play,She is now in love and her emotions on stage seem unreal.,He loves her more after understanding her explanation.,No,,4.0,3.0,They will get married 
9/18/2026 16:55:37,B1,,,,,,,,,,,,,,,,,,,,,,,,,Dorian's wife,She is ill and cannot remember her lines.,He loves her only because of her talent as an actress.,No,,2.0,3.0,He goes after her to stop her. He follows her quickly and tries to catch up with her before she goes any further.,,,,,,,,,,,,,,,,,,,,,,,,,,,,,,,,,,,,,,,,,,,,,,,,,,,,,,,,,,,,,,,,
9/19/2026 10:20:21,B2,,,,,,,,,,,,,,,,,,,,,,,,,,,,,,,,,,,,,,,,,,,,,,,,,A harpoon,He works at the hotel,"At first he is afraid of Queequeg, but later he realizes that Queequeg is friendly.",Yes,Moby-Dick by Herman Melville.,4.0,4.0,"I think the narrator and Queequeg will become friends and may have more adventures together, possibly involving a whaling voyage.",,,,,,,,,,,,,,,,,,,,,,,,,,,,,,,,,,,,,,,,
9/20/2026 11:08:27,B1,,,,,,,,,,,,,,,,,,,,,,,,,,,,,,,,,The theatre's manager,She is in love and her emotions on stage seem unreal.,He loves her only because of her talent as an actress.,Yes,After you,5.0,5.0,Idk😭,,,,,,,,,,,,,,,,,,,,,,,,,,,,,,,,,,,,,,,,,,,,,,,,,,,,,,,,
9/20/2026 14:13:48,B2,,,,,,,,,,,,,,,,,,,,,,,,,,,,,,,,,,,,,,,,,,,,,,,,,,,,,,,,,A harpoon,He works at the hotel,"At first he is afraid of Queequeg, but later he realizes that Queequeg is friendly.",No,,4.0,3.0,Maybe they'll hear loud noises coming from everywhere?,,,,,,,,,,,,,,,,,,,,,,,,,,,,,,,,
9/20/2026 14:27:38,B2,,,,,,,,,,,,,,,,,,,,,,,,,,,,,,,,,,,,,,,,,,,,,,,,,,,,,,,,,A harpoon,He works at the hotel,"At first he is afraid of Queequeg, but later he realizes that Queequeg is friendly.","It sounds familiar, but I am not sure.",,5.0,4.0,"They will become friends, and strange things will happen to them.",,,,,,,,,,,,,,,,,,,,,,,,,,,,,,,,
9/21/2026 17:53:54,B2,,,,,,,,,,,,,,,,,,,,,,,,,,,,,,,,,,,,,,,,,,,,,,,,,,,,,,,,,,,,,,,,,A harpoon,He works at the hotel,"At first he is afraid of Queequeg, but later he realizes that Queequeg is friendly.",Yes,Moby-Dick — by Herman Melville.,3.0,2.0,I think Ishmael and Queequeg will become friends and eventually go on a whaling voyage together. They may also meet other sailors and have adventures at sea.,,,,,,,,,,,,,,,,,,,,,,,,
9/21/2026 18:05:06,B2,,,,,,,,,,,,,,,,,,,,,,,,,,,,,,,,,,,,,,,,,,,,,,,,,,,,,,,,,,,,,,,,,,,,,,,,,An actress in the play,She is ill and cannot remember her lines.,He wants her to leave the theatre so that they can be alone.,No,,4.0,3.0,Maybe the girl try to see Dorian again,,,,,,,,,,,,,,,,
9/25/2026 9:44:25,B2,,,,,,,,,,,,,,,,,,,,,,,,,,,,,,,,,,,,,,,,,,,,,,,,,,,,,,,,,,,,,,,,,,,,,,,,,An actress in the play,She is now in love and her emotions on stage seem unreal.,His love depends largely on her talent as an actress.,No,,3.0,3.0,He left for ever,,,,,,,,,,,,,,,,
9/25/2026 10:09:04,A2,,,,,,,,,He has been a sailor.,To warn him about the dangers of whaling,He demonstrates that he is a good whaler.,Yes,Moby-Dick,5.0,3.0,I think the narrator and Queequeg will sail with Captain Ahab and hunt a dangerous whale.,,,,,,,,,,,,,,,,,,,,,,,,,,,,,,,,,,,,,,,,,,,,,,,,,,,,,,,,,,,,,,,,,,,,,,,,,,,,,,,,
9/25/2026 10:10:26,B2,,,,,,,,,,,,,,,,,,,,,,,,,,,,,,,,,,,,,,,,,,,,,,,,,A harpoon,He works at the hotel,"At first he is afraid of Queequeg, but later he realizes that Queequeg is friendly.",No,,5.0,3.0,They will work together to find someone ?,,,,,,,,,,,,,,,,,,,,,,,,,,,,,,,,,,,,,,,,
9/25/2026 10:11:17,B2,,,,,,,,,,,,,,,,,,,,,,,,,,,,,,,,,,,,,,,,,,,,,,,,,A harpoon,He works at the hotel,"At first he is afraid of Queequeg, but later he realizes that Queequeg is friendly.",No,,4.0,4.0,Another person will show up,,,,,,,,,,,,,,,,,,,,,,,,,,,,,,,,,,,,,,,,
9/25/2026 10:11:35,A2,,,,,,,,,He has been a sailor.,To warn him about the dangers of whaling,He tells the narrator to go home.,No,,3.0,4.0,The narrator will return over the following days until he meets the captain.,,,,,,,,,,,,,,,,,,,,,,,,,,,,,,,,,,,,,,,,,,,,,,,,,,,,,,,,,,,,,,,,,,,,,,,,,,,,,,,,
9/25/2026 10:13:57,A2,,,,,,,,,He has been a sailor.,To warn him about the dangers of whaling,He demonstrates that he is a good whaler.,No,,4.0,4.0,-,,,,,,,,,,,,,,,,,,,,,,,,,,,,,,,,,,,,,,,,,,,,,,,,,,,,,,,,,,,,,,,,,,,,,,,,,,,,,,,,
9/25/2026 10:17:29,B2,,,,,,,,,,,,,,,,,,,,,,,,,,,,,,,,,,,,,,,,,,,,,,,,,A harpoon,He works at the hotel,"At first he is afraid of Queequeg, but later he realizes that Queequeg is friendly.",No,,4.0,4.0,It's more like literature,,,,,,,,,,,,,,,,,,,,,,,,,,,,,,,,,,,,,,,,
9/25/2026 10:28:54,B2,,,,,,,,,,,,,,,,,,,,,,,,,,,,,,,,,,,,,,,,,,,,,,,,,A harpoon,He works at the hotel,"At first he is afraid of Queequeg, but later he realizes that Queequeg is friendly.","It sounds familiar, but I am not sure.",,4.0,4.0,"I don't know, may be they are all going to eat a dish with some human meat ?",,,,,,,,,,,,,,,,,,,,,,,,,,,,,,,,,,,,,,,,
9/25/2026 10:31:26,B2,,,,,,,,,,,,,,,,,,,,,,,,,,,,,,,,,,,,,,,,,,,,,,,,,,,,,,,,,,,,,,,,,,,,,,,,,,,,,,,,,,,,,,,,,An actress in the play,She is now in love and her emotions on stage seem unreal.,His love depends largely on her talent as an actress.,Yes,The Picture of Dorian Gray,4.0,3.0,Sadness and indifference
9/25/2026 10:48:11,B1,,,,,,,,,,,,,,,,,,,,,,,,,,,,,,,,,,,,,,,,,An actress in the play,She is ill and cannot remember her lines.,He only cares about what his friends think.,"It sounds familiar, but I am not sure.",,4.0,3.0,Dorian gonna leave Sybil,,,,,,,,,,,,,,,,,,,,,,,,,,,,,,,,,,,,,,,,,,,,,,,,
9/25/2026 10:57:35,B2,,,,,,,,,,,,,,,,,,,,,,,,,,,,,,,,,,,,,,,,,,,,,,,,,,,,,,,,,,,,,,,,,,,,,,,,,,,,,,,,,,,,,,,,,Dorian’s wife,She is now in love and her emotions on stage seem unreal.,His love depends largely on her talent as an actress.,No,,2.0,2.0,Sybil will certainly try to awake again Dorian's love for her and change the way she acts.
9/25/2026 11:00:34,B2,,,,,,,,,,,,,,,,,,,,,,,,,,,,,,,,,,,,,,,,,,,,,,,,,,,,,,,,,,,,,,,,,,,,,,,,,,,,,,,,,,,,,,,,,An actress in the play,She is now in love and her emotions on stage seem unreal.,His love depends largely on her talent as an actress.,"It sounds familiar, but I am not sure.",The portrait of Dorian Gray,4.0,4.0,Dorian will go on breaking hearts because he only cares about what love looks like and not what it feels like ? 
9/25/2026 11:00:57,B2,,,,,,,,,,,,,,,,,,,,,,,,,,,,,,,,,,,,,,,,,,,,,,,,,,,,,,,,,,,,,,,,,,,,,,,,,,,,,,,,,,,,,,,,,An actress in the play,She is now in love and her emotions on stage seem unreal.,His love depends largely on her talent as an actress.,No,,3.0,3.0,sad ending ( the death of sybil) i hope not...
9/25/2026 11:09:09,B2,,,,,,,,,,,,,,,,,,,,,,,,,,,,,,,,,,,,,,,,,,,,,,,,,,,,,,,,,,,,,,,,,,,,,,,,,,,,,,,,,,,,,,,,,An actress in the play,She is now in love and her emotions on stage seem unreal.,His love depends largely on her talent as an actress.,No,,3.0,3.0,"Sibyl will loses her aura, almost loses her job in theatre. She will go down, but meet an other guy who truly loves her. Thanks to this ""true love"" she'll became a better actress."
9/25/2026 11:09:44,B1,,,,,,,,,,,,,,,,,,,,,,,,,An actress in the play,She is in love and her emotions on stage seem unreal.,He only cares about what his friends think.,Yes,The picture of Dorian Gray,2.0,2.0,He leaves  her and goes and join his friends,,,,,,,,,,,,,,,,,,,,,,,,,,,,,,,,,,,,,,,,,,,,,,,,,,,,,,,,,,,,,,,,
9/25/2026 11:45:34,B2,,,,,,,,,,,,,,,,,,,,,,,,,,,,,,,,,,,,,,,,,,,,,,,,,,,,,,,,,,,,,,,,,,,,,,,,,,,,,,,,,An actress in the play,She is now in love and her emotions on stage seem unreal.,His love depends largely on her talent as an actress.,No,,3.0,4.0,"The girl will get back on stage and try to find again her motivation, hoping that the guy will find out once more what made him love her. One another guy might fall in love with her watching her skills but not only for her skills. A fight between both guys could occur. Another hypothesis could be that the girl wants to find something else.",,,,,,,,
9/25/2026 12:07:51,B2,,,,,,,,,,,,,,,,,,,,,,,,,,,,,,,,,,,,,,,,,,,,,,,,,,,,,,,,,,,,,,,,,,,,,,,,,An actress in the play,She is now in love and her emotions on stage seem unreal.,His love depends largely on her talent as an actress.,Yes,The picture of Dorian Gray,4.0,3.0,"From my recollection, Dorian breaks up with her and Sibyl ends her life.",,,,,,,,,,,,,,,,
9/25/2026 12:32:46,B2,,,,,,,,,,,,,,,,,,,,,,,,,,,,,,,,,,,,,,,,,,,,,,,,,,,,,,,,,,,,,,,,,,,,,,,,,An actress in the play,She is now in love and her emotions on stage seem unreal.,His love depends largely on her talent as an actress.,Yes,The Picture of Dorian Gray,4.0,4.0,I cannot remember,,,,,,,,,,,,,,,,
9/25/2026 12:48:05,B2,,,,,,,,,,,,,,,,,,,,,,,,,,,,,,,,,,,,,,,,,,,,,,,,,,,,,,,,,,,,,,,,,,,,,,,,,An actress in the play,She is now in love and her emotions on stage seem unreal.,His love depends largely on her talent as an actress.,Yes,It's the portrait of Dorian Gray (grey?) but I haven't read it ,4.0,4.0,I think that something bad will happen to Dorian since he is not entirely true himself. ,,,,,,,,,,,,,,,,
9/25/2026 13:14:30,B2,,,,,,,,,,,,,,,,,,,,,,,,,,,,,,,,,,,,,,,,,,,,,,,,,,,,,,,,,A harpoon,He works at the hotel,"At first he is afraid of Queequeg, but later he realizes that Queequeg is friendly.",No,,5.0,5.0,"I don't know, maybe the narrator will make friends with Queequeg but some other weird events might happen.",,,,,,,,,,,,,,,,,,,,,,,,,,,,,,,,
9/25/2026 15:09:58,B2,,,,,,,,,,,,,,,,,,,,,,,,,,,,,,,,,,,,,,,,,,,,,,,,,,,,,,,,,,,,,,,,,,,,,,,,,An actress in the play,She is now in love and her emotions on stage seem unreal.,His love depends largely on her talent as an actress.,No,,3.0,3.0,She will kill him,,,,,,,,,,,,,,,,
9/25/2026 16:48:52,B2,,,,,,,,,,,,,,,,,,,,,,,,,,,,,,,,,,,,,,,,,,,,,,,,,,,,,,,,,,,,,,,,,,,,,,,,,,,,,,,,,An actress in the play,She is now in love and her emotions on stage seem unreal.,His love depends largely on her talent as an actress.,No,,3.0,2.0,He will let her love him and play her.,,,,,,,,
9/25/2026 17:38:33,B2,,,,,,,,,,,,,,,,,,,,,,,,,,,,,,,,,,,,,,,,,,,,,,,,,,,,,,,,,,,,,,,,,A harpoon,He works at the hotel,"At first he is afraid of Queequeg, but later he realizes that Queequeg is friendly.",No,,1.0,1.0,No idea,,,,,,,,,,,,,,,,,,,,,,,,
9/25/2026 17:40:31,B2,,,,,,,,,,,,,,,,,,,,,,,,,,,,,,,,,,,,,,,,,,,,,,,,,,,,,,,,,,,,,,,,,A harpoon,He works at the hotel,"At first he is afraid of Queequeg, but later he realizes that Queequeg is friendly.",No,,2.0,2.0,"I don't know, maybe theuy will both fish together",,,,,,,,,,,,,,,,,,,,,,,,
9/26/2026 20:00:23,B2,,,,,,,,,,,,,,,,,,,,,,,,,,,,,,,,,,,,,,,,,,,,,,,,,,,,,,,,,A harpoon,He works at the hotel,"At first he is afraid of Queequeg, but later he realizes that Queequeg is friendly.",No,,4.0,3.0,Perhaps the narrator will follow Queequeg's adventures.,,,,,,,,,,,,,,,,,,,,,,,,,,,,,,,,
9/27/2026 21:53:16,B1,,,,,,,,,,,,,,,,,,,,,,,,,An actress in the play,She is in love and her emotions on stage seem unreal.,He loves her only because of her talent as an actress.,No,,5.0,5.0,"Sibyl change her attirance and she started to be in love with girls, because man was not to good gor her. ",,,,,,,,,,,,,,,,,,,,,,,,,,,,,,,,,,,,,,,,,,,,,,,,,,,,,,,,,,,,,,,,
9/29/2026 11:30:47,B1,,,,,,,,,,,,,,,,,,,,,,,,,,,,,,,,,,,,,,,,,An actress in the play,She is in love and her emotions on stage seem unreal.,He loves her only because of her talent as an actress.,No,,4.0,3.0,He's going to leave,,,,,,,,,,,,,,,,,,,,,,,,,,,,,,,,,,,,,,,,,,,,,,,,
